{"cameraMode":{"drawMode":31,"name":"Sprite Mask","section":"Miscellaneous"},"sceneLighting":true,"audioPlay":false,"sceneViewState":{"showFog":false,"showMaterialUpdate":false,"showSkybox":false,"showFlares":false,"showImageEffects":false,"showParticleSystems":true},"in2DMode":false,"pivot":{"x":-4.264999866485596,"y":2.1114063262939455,"z":0.0},"rotation":{"x":-0.06924879550933838,"y":-0.012872106395661831,"z":0.0008934050565585494,"w":-0.9975160360336304},"size":14.571724891662598,"orthographic":false}